tag,timestamp,mode,smoke,final,syn_recall@1,syn_recall@5,syn_recall@20,real_val_recall@1,real_val_recall@5,real_val_recall@20,dev_ok,dev_n,dev_manzana_precision,dev_predial_precision,dev_lost_correct,dev_gold_n,dev_gold_ok,dev_gold_ok_coverage,dev_gold_manzana_precision,dev_gold_predial_precision,dev_gold_lost_correct,seconds,code_fingerprint
smoke_2a,2026-09-26T13:24:20,mixed,True,False,0.0,0.005516154452324665,0.022852639873916468,0.0037313432835820895,0.0037313432835820895,0.011194029850746268,6,2078,1.0,1.0,22,289,2,0.006920415224913495,1.0,1.0,5,58.0,2c69b977f0f4
baseline_prod,2026-09-26T13:24:44,eval-only,False,False,,,,,,,1141,2078,0.8431001890359168,0.6219281663516069,96,289,277,0.9584775086505191,0.9963898916967509,0.9819494584837545,9,10.7,2c69b977f0f4
s2b_retrain_s42,2026-09-26T13:42:38,mixed,False,False,0.93475,0.963,0.9865,0.9365671641791045,0.9850746268656716,0.9944029850746269,1144,2078,0.8457142857142858,0.6228571428571429,107,289,277,0.9584775086505191,0.9963898916967509,0.9819494584837545,10,962.2,2c69b977f0f4
s2b_retrain_s43,2026-09-26T13:58:10,mixed,False,False,0.9335,0.96355,0.98705,0.9402985074626866,0.9832089552238806,0.9944029850746269,1143,2078,0.846441947565543,0.6217228464419475,112,289,278,0.9619377162629758,0.9964028776978417,0.9856115107913669,10,908.9,2c69b977f0f4
s2b_real02,2026-09-26T14:19:45,mixed,False,False,0.93455,0.96245,0.9853,0.9682835820895522,0.9869402985074627,0.9944029850746269,1138,2078,0.8365019011406845,0.6178707224334601,109,289,272,0.9411764705882353,0.9963235294117647,0.9816176470588235,9,1293.3,2c69b977f0f4
s2b_plate03,2026-09-26T14:44:56,mixed,False,False,0.93235,0.96035,0.9871,0.9347014925373134,0.9794776119402985,0.9925373134328358,1150,2078,0.8342644320297952,0.6163873370577281,91,289,278,0.9619377162629758,0.9964028776978417,0.9820143884892086,10,1509.2,2c69b977f0f4
s2b_noise,2026-09-26T15:01:29,mixed,False,False,0.93695,0.9624,0.98705,0.9458955223880597,0.9813432835820896,0.9944029850746269,1164,2078,0.8357933579335793,0.6125461254612546,106,289,277,0.9584775086505191,0.9963898916967509,0.9819494584837545,10,990.9,2c69b977f0f4
s2b_combo,2026-09-26T15:28:37,mixed,False,False,0.92675,0.9574,0.98255,0.9496268656716418,0.9906716417910447,0.996268656716418,1126,2078,0.8508604206500956,0.6252390057361377,93,289,277,0.9584775086505191,0.9963898916967509,0.9783393501805054,10,1626.4,2c69b977f0f4
s2b_ft_a,2026-09-26T15:34:51,finetune,False,False,0.933,0.96065,0.9861,0.9664179104477612,0.9888059701492538,0.9944029850746269,1135,2078,0.8479087452471483,0.6254752851711026,107,289,278,0.9619377162629758,0.9964028776978417,0.9784172661870504,10,372.3,2c69b977f0f4
s2b_ft_b,2026-09-26T15:58:39,finetune,False,False,0.93275,0.96045,0.98595,0.9645522388059702,0.9906716417910447,0.9944029850746269,1129,2078,0.8522072936660269,0.6295585412667947,103,289,278,0.9619377162629758,0.9964028776978417,0.9784172661870504,9,1425.8,2c69b977f0f4
